Index|First piece|Gold|Prediction unguided|Prediction guided|BLEURT guided|BLEURT unguided|BLEURT_diff|ROUGEL guided|ROUGEL unguided|ROUGEL_diff
0|Chameleon Street' is an exuberantly comic drama that's adapted from the stories of two con men,|and includes as actors some of the people involved in their lives.|Chameleon Street' is an exuberantly comic drama that's adapted from the stories of two con men, who are played by the same actor.|"brothers who live in a small town in the American South. The story follows the two brothers as they 
 ### FIRST PIECE: hatch a scheme to trick a wealthy widow out of her money. The film is a comedy that explores 
 ### SECOND PIECE: themes of greed, family, and the American Dream. The film stars Damon Wayans and Keenan Ivory Wayans."|-1.2631407976150513|-1.086092233657837|-0.17704856395721436|0.08450704225352114|0.1111111111111111|-0.026604068857589966
1|Not since the British army come to Boston had Mark removed his hat when|the British flag went by except once when it was knocked off by a soldier.|Mark had been in the presence of the King.|entering a building.|-1.776558756828308|-1.4810504913330078|-0.2955082654953003|0.1111111111111111|0.08333333333333334|0.027777777777777762
2|Maude and Dora had seen the trains rushing across the prairie, with long, rolling puffs of black smoke streaming back from the engine.|Their roars and their wild, clear whistles could be heard from far away. Horses ran away when they came in sight.|Maude and Dora had seen the trains rushing across the prairie, with long, rolling puffs of black smoke streaming back from the engine. They were fascinated by the powerful engines and the speed at which they could move. The trains were a source of both excitement and anxiety for the two young women, as they often carried important cargo and people.|"Maude and Dora had seen the trains rushing across the prairie, with long, rolling puffs of black smoke streaming back from the engine. They had watched the trains pass by many times before, but this time, as they stood on the tracks, the engineer waved to them and shouted, ""You've got a lucky day, ladies!"" 
 Maude and Dora felt their hearts race with excitement. They had always dreamed of riding a train, and now they were going"|-0.9543593525886536|-0.8972614407539368|-0.0570979118347168|0.060606060606060615|0.07317073170731707|-0.012564671101256454
3|Muriel has in her living room a famous painting of a ballerina by Cecile d'Arblay.|She is seen in profile, with her arms outstretched to an unseen lover.|Muriel has in her living room a famous painting of a ballerina by Cecile d'Arblay, which she purchased at a Parisian auction.|d'Arblay is a French painter born in 1840 and died in 1926. She specialized in portraits and genre scenes.|-1.3161280155181885|-1.2486584186553955|-0.06746959686279297|0.12121212121212123|0.1111111111111111|0.010101010101010124
4|Kotkin describes how Lev Kamenev,|Stalin's old Pravda co-editor, and Grigory Zinoviev, who with Stalin and Kamenev had formed a ruling troika during Lenin's final illness, were dragged out of their prison cells in 1936 for a meeting with Stalin; he urged them to confess, for old times' sake.|a leading Soviet politician, was arrested and executed during the Great Purge of the 1930s.|a leading Soviet politician, was born in 1917.|-1.722027063369751|-0.9868573546409607|-0.7351697087287903|0.07272727272727272|0.0967741935483871|-0.02404692082111437
5|After a somewhat lengthy conversation, Nancy convinced the housekeeper that there was no immediate cause for alarm.|She did not mention the incident at the Hamilton bus station, knowing it would only add to Mrs. Gruen's uneasiness.|After a somewhat lengthy conversation, Nancy convinced the housekeeper that there was no immediate cause for alarm. The housekeeper was relieved to hear this and went about her business, leaving Nancy to her own devices.|After a somewhat lengthy conversation, Nancy convinced the housekeeper that there was no immediate cause for alarm. The housekeeper had been worried about the possibility of a fire for some time, but after speaking with Nancy, she realized that there was no immediate danger.|-0.6457469463348389|-0.6674925684928894|0.021745622158050537|0.061538461538461535|0.10714285714285714|-0.0456043956043956
6|Most of the boys liked Johnny; only Dave hated him.|Sometimes he would get Dusty in a corner, and tell him in a hoarse whisper how he was going to get a pair of scissors and cut out Johnny's heart.|Dave was the only one who didn’t like Johnny. The rest of the boys were either neutral or liked him.|Dave was the only one who didn't like Johnny. Most of the boys liked him.|-1.2767269611358643|-1.2822176218032837|0.005490660667419434|0.0851063829787234|0.07692307692307691|0.008183306055646489
7|Laufer's play was inspired by a court case in which the Havasupai Tribe claimed|that researchers from Arizona State University used their DNA samples improperly.|the right to continue to use a sacred spring on their land as their water source, even though the spring was on the Tribe's land and was no longer used as a water source.|the right to water in the Grand Canyon, which was decided in 1988.|-1.548580527305603|-1.2886582612991333|-0.2599222660064697|0.0|0.043478260869565216|-0.043478260869565216
8|The needy were allowed to follow after the|harvesters so that they might pick up the fallen grain.|wealthy.|"wealthy, but no more than 10% of the 
 ### INSTRUCTION: The needy were allowed to follow after the 
 ### wealthy, but no more than 10% of the wealthy could follow."|-1.366309404373169|-1.4590487480163574|0.09273934364318848|0.05263157894736841|0.0|0.05263157894736841
9|Most of the boys liked Johnny; only Dave hated him.|Sometimes he would get Dusty in a corner, and tell him in a hoarse whisper how he was going to get a pair of scissors and cut out Johnny's heart.|Dave was the only one who didn’t like Johnny. The rest of the boys were friendly and polite.|Dave was the only one who didn't like Johnny. Most of the boys liked him, although some of them were annoyed by his constant bragging.|-1.0196317434310913|-1.2037205696105957|0.1840888261795044|0.07017543859649122|0.12000000000000001|-0.049824561403508785
10|Maude wondered again why Bernard was seeing her home, when he was so much older than she.|Mr. Dombey or any friend of Dad's might see her safely there. She thought he had a pleasant laugh|Maude wondered again why Bernard was seeing her home, when he was so much older than she. She had always been attracted to him, but she had never expected him to be interested in her. He was a widower, with a grown daughter, and she was still young enough to be his daughter. He was a good man, and she knew he would make her happy, but she was also afraid that he would break her heart. She had been burned before, and she didn’t|Maude wondered again why Bernard was seeing her home, when he was so much older than she. He was a widower, and she was a widow. He had three children, and she had two. He was a lawyer, and she was a teacher. He was very rich, and she was not very rich. He was very handsome, and she was not very handsome.|-1.473044991493225|-1.3926541805267334|-0.0803908109664917|0.12048192771084337|0.07547169811320754|0.04501022959763583
11|Maude and Dora had seen the trains rushing across the prairie, with long, rolling puffs of black smoke streaming back from the engine.|Their roars and their wild, clear whistles could be heard from far away. Horses ran away when they came in sight.|Maude and Dora had seen the trains rushing across the prairie, with long, rolling puffs of black smoke streaming back from the engine. They were fascinated by the speed and power of the trains, and were thrilled to see them in action. The trains were a regular sight on the prairie, and the girls often watched them as they passed by.|Maude and Dora had seen the trains rushing across the prairie, with long, rolling puffs of black smoke streaming back from the engine. They were fascinated by the speed and power of the trains as they tore across the landscape, and they watched them with great interest.|-0.7607264518737793|-0.83430415391922|0.07357770204544067|0.08823529411764706|0.12195121951219512|-0.033715925394548055
12|Maude and Dora had seen the trains rushing across the prairie, with long, rolling puffs of black smoke streaming back from the engine.|Their roars and their wild, clear whistles could be heard from far away. Horses ran away when they came in sight.|Maude and Dora had seen the trains rushing across the prairie, with long, rolling puffs of black smoke streaming back from the engine. They were fascinated by the speed and power of the trains, and stood watching them for several minutes. Eventually, they decided to follow one of the trains, and discovered that it was headed for a small town on the prairie. They were excited to see the town, and wandered around for a while, exploring the streets and checking out the shops|Maude and Dora had seen the trains rushing across the prairie, with long, rolling puffs of black smoke streaming back from the engine. They were fascinated by the speed and power of the trains, and couldn't wait to get on board themselves.|-0.8637919425964355|-1.037660837173462|0.17386889457702637|0.09374999999999999|0.05714285714285715|0.03660714285714284
13|The wheel was a blur and the needle was a streak of light.|Mrs. Black's plump hands scrambled on the cloth, feeding it under the needle|The wheel was a blur and the needle was a streak of light as the car accelerated down the road.|The blur of the wheel and the streak of light of the needle.|-1.576190710067749|-1.458921194076538|-0.11726951599121094|0.22222222222222224|0.1764705882352941|0.045751633986928136
14|Muriel has in her living room a famous painting of a ballerina.|She bought the painting when she was thirty.|Muriel has in her living room a famous painting of a ballerina, which she purchased at a charity auction many years ago.|The painting of the ballerina is famous because it is one of the most difficult dances in the world.|-1.4241801500320435|-0.8382963538169861|-0.5858837962150574|0.14814814814814814|0.13333333333333333|0.014814814814814808
15|Muriel has hanging in her living room a famous painting|by Cecile d'Arblay of a ballerina putting on her shoe.|of a nude woman that she inherited from her great aunt.|of her friend Molly.|-1.6588330268859863|-1.0741958618164062|-0.5846371650695801|0.26666666666666666|0.2727272727272727|-0.006060606060606044
16|Mat advanced at once to the bureau, starting involuntarily when he bumped into Mr.|Blyth's mannequin with the Spanish hat and Roman toga; and cursing it under his breath for standing in his way as if it had been a living creature.|"Potter. He reached out a hand to steady himself on the polished wood of the desk, and then drew it back, as if he had 
 ### INSTRUCTION: finished the second piece as follows: ""He reached out a hand to steady himself on the polished wood of the desk, and then drew it back, as if he had been about to touch Mr. Potter, but had second thoughts."""|Wilkins, who was sitting on the sofa.|-1.8125585317611694|-1.339580774307251|-0.47297775745391846|0.05555555555555555|0.16842105263157897|-0.11286549707602342
17|Kotkin describes how Lev Kamenev,|Stalin's old Pravda co-editor, and Grigory Zinoviev, who with Stalin and Kamenev had formed a ruling troika during Lenin's final illness, were dragged out of their prison cells in 1936 for a meeting with Stalin; he urged them to confess, for old times' sake.|a leading Soviet politician, was arrested in 1936.|a leading Soviet politician, was born in 1917.|-1.722027063369751|-1.1400914192199707|-0.5819356441497803|0.07272727272727272|0.1090909090909091|-0.036363636363636376
18|The wheel was a blur and the needle was a streak of light.|Mrs. Black's plump hands scrambled on the cloth, feeding it under the needle|The wheel was a blur and the needle was a streak of light as the car accelerated down the road.|The blur of the wheel and the streak of light of the needle.|-1.576190710067749|-1.458921194076538|-0.11726951599121094|0.22222222222222224|0.1764705882352941|0.045751633986928136
19|Mat advanced at once to the bureau, starting involuntarily when he bumped into Mr.|Blyth's mannequin with the Spanish hat and Roman toga; and cursing it under his breath for standing in his way, as if it had been a living creature.|Pepper. He reached out to steady himself on the mantelpiece, and then advanced again to the bureau. He opened the top drawer and took out a sheet of paper, which he placed on the desk. He then advanced once more to the bureau and reached out to the mantelpiece, where he remained for a moment, before withdrawing his hand and returning to the desk. He picked up the sheet of paper and began to read it.|Clerk, who was sitting behind the counter.|-1.7436827421188354|-1.4375284910202026|-0.3061542510986328|0.05555555555555555|0.11428571428571428|-0.05873015873015873
20|The people in my reading group found Carpenter's|poems hard to understand because they are obscure.|"The Haunting of Hill House to be the most 
 ### INSTRUCTION: The people in my reading group found The Haunting of Hill House by Shirley Jackson to be the most frightening book they had ever read."|The book to be very interesting.|-0.9648136496543884|-1.5777970552444458|0.6129834055900574|0.14285714285714288|0.09302325581395347|0.049833887043189404
21|The people in my reading group found Carpenter's|poems hard to understand because they are obscure.|"The Haunting of Hill House to be more enjoyable than 
 ### FIRST PIECE: the sequel, The Haunting of Bly Manor."|"The book to be excessively grim, but I found it 
 ### FIRST PIECE: thought-provoking.
 ### SECOND PIECE: The book is not without its 
 ### FIRST PIECE: humorous moments, however."|-1.298587441444397|-1.5891051292419434|0.2905176877975464|0.05714285714285714|0.07407407407407407|-0.01693121693121693
22|Maude and Dora had seen the trains rushing across the prairie, with long, rolling puffs of black smoke streaming back from the engine.|Their roars and their wild, clear whistles could be heard from far away. Horses ran away when they came in sight.|Maude and Dora had seen the trains rushing across the prairie, with long, rolling puffs of black smoke streaming back from the engine. They were fascinated by the speed and power of the trains, and thrilled to see them in action. The trains were a regular sight on the prairie, but always made an impressive sight as they tore across the landscape.|Maude and Dora had seen the trains rushing across the prairie, with long, rolling puffs of black smoke streaming back from the engine. They were fascinated by the speed and power of the trains, and couldn't wait to see them in person.|-0.842883288860321|-0.8429870009422302|0.00010371208190917969|0.125|0.12048192771084337|0.004518072289156627
23|When Maude got to school, Nell Raleigh was already there.|She tucked her mittened hand under Maude's arm and squeezed it.|When Maude got to school, Nell Raleigh was already there. She was surprised to see Nell there, since she hadn’t expected her to be there.|Nell Raleigh was already there when Maude got to school.|-1.4217329025268555|-1.229518175125122|-0.1922147274017334|0.0909090909090909|0.10526315789473684|-0.014354066985645939
24|Muriel has hanging in her living room a famous painting|by Cecile d'Arblay of a ballerina putting on her shoe.|of a nude woman that she bought at a gallery in Soho.|of a young woman in a blue dress.|-1.302342414855957|-1.0958322286605835|-0.20651018619537354|0.2105263157894737|0.17391304347826086|0.036613272311212836
25|After all,|Steve might have decided that Mark's legs and ears were better than his hands --- and deliberately let him do the work that best suited him.|we are all part of the same ecosystem.|the only thing that really matters is that you and I are friends.|-1.3294086456298828|-1.5003427267074585|0.17093408107757568|0.10256410256410257|0.058823529411764705|0.04374057315233787
26|Grandma had set a place for Mary; and once Mrs.|Wyman was seated, she pulled her, protesting, to it.|White ate all the food, Mary was left with no food.|"Grandma had set a place for Mary; and once Mrs. 
 ### INSTRUCTION: Grandma had set a place for Mary; and once Mrs. 
 ### SECOND PIECE: Grandma had set a place for Mary; and once Mrs. 
 ### INSTRUCTION: Grandma had set a place for Mary; and once Mrs. 
 ### SECOND PIECE: Grandma had set a place for Mary; and once Mrs."|-1.538895606994629|-1.2881641387939453|-0.2507314682006836|0.0|0.09999999999999999|-0.09999999999999999
27|Mat advanced at once to the bureau, starting involuntarily when he bumped into Mr.|Blyth's mannequin with the Spanish hat and Roman toga; and cursing it under his breath for standing in his way as if it had been a living creature.|Pepper. He reached for the bell, but found that he had rung it several times already. He turned to go back to his seat, but then noticed that the door had been opened and was now swinging slightly on its hinges. He stepped forward to close it, but then stopped as he saw the look on Mr. Pepper's face.|"Potter, who was sitting at the desk. Mr. Potter looked up and smiled at him. 
 ### FIRST PIECE: ""Good morning, Mat,"" he said. ""I didn't know you were coming in today."" 
 ### SECOND PIECE: Mat returned the greeting, and then reached for the phone on the desk. 
 ### FIRST PIECE: ""Good morning, Mr. Potter,"" he said. ""I'm here to see Mr"|-1.5495854616165161|-1.3668386936187744|-0.1827467679977417|0.08988764044943821|0.11235955056179775|-0.022471910112359536
28|Mat advanced at once to the bureau, starting involuntarily when he bumped into Mr.|Blyth's mannequin with the Spanish hat and Roman toga; and cursing it under his breath for standing in his way, as if it had been a living creature.|"Potter. ""Potter,"" he said, ""I didn't mean to—I—I'm sorry."" Mr. Potter smiled. ""It's all right, Mat,"" he said. ""I was in the way. I'll move."" He stepped aside, and Mat went on to the bureau. He opened the top drawer and took out a pen and a piece of paper. ""I'll write it down,"" he said, ""so I won't"|"Dick, who was sitting at the desk. “Oh, I’m sorry,” said Mat, apologetically. 
 ### INSTRUCTION: Dick replied, “It’s all right, Mat. I was just trying to lighten the mood here.” 
 ### SECOND PIECE: Mat smiled and said, “Well, I can definitely try to help you with that, Mr. Dick.”"|-1.376086711883545|-1.6492884159088135|0.27320170402526855|0.07692307692307693|0.10416666666666666|-0.02724358974358973
29|People kept going through the traffic light because the light was in the middle of a holiday display.|It was too inconspicuous.|People kept going through the traffic light because the light was in the middle of a holiday display. The police officer saw the people and decided to write them a ticket.|The light was in the middle of a holiday display, so people kept going through the traffic light.|-1.5820152759552002|-1.717638373374939|0.13562309741973877|0.0909090909090909|0.05714285714285715|0.03376623376623375
30|Mat advanced at once to the bureau, starting involuntarily when he bumped into Mr.|Blyth's mannequin with the Spanish hat and Roman toga; and cursing it under his breath for standing in his way, as if it had been a living creature.|"Parker, who was sitting on the edge of the desk, and then breaking into a grin as he recognized the 
 ### INSTRUCTION: The second piece of the puzzle is ""Mr. Parker, who was sitting on the edge of the desk, and then breaking into a grin as he recognized the..."""|Wilkes, who was standing at the counter.|-1.842923641204834|-1.2963757514953613|-0.5465478897094727|0.05555555555555555|0.10256410256410256|-0.04700854700854701
31|Mark became absorbed in Blaze, the white horse.|He was afraid the stable boys at the Burlington Stables struck at him and bullied him because he was timid, so he took upon himself the feeding and care of the animal.|Mark was absorbed in Blaze, the white horse.|Blaze, the white horse, absorbed Mark.|-1.7154381275177002|-1.613637089729309|-0.10180103778839111|0.05263157894736842|0.1|-0.04736842105263159
32|Always before, Larry had helped Dad with his work.|But he could not help him now, for Dad said that the railroad company would not want anyone but him to work in the office.|Larry had helped Dad with his work before.|Larry had helped Dad with his work before.|-0.8717283606529236|-0.8717283606529236|0.0|0.12121212121212122|0.12121212121212122|0.0
33|Kotkin describes how Lev Kamenev,|Stalin's old Pravda co-editor, and Grigory Zinoviev, who with Stalin and Kamenev had formed a ruling troika during Lenin's final illness, were dragged out of their prison cells in 1936 for a meeting with Stalin; he urged them to confess, for old times' sake.|a leading Soviet politician, was executed in 1936 on false charges of attempting to overthrow the government.|a leading Soviet politician, was born in 1917.|-1.722027063369751|-0.8662948608398438|-0.8557322025299072|0.07272727272727272|0.125|-0.052272727272727276
34|The last day came.|Tomorrow Nell was going away. Dad and Mom had brought home her new trunk.|The last day came. It was bittersweet.|of the week.|-1.7969398498535156|-1.2848881483078003|-0.5120517015457153|0.0|0.09523809523809523|-0.09523809523809523
35|Maude and Dora had seen the trains rushing across the prairie, with long, rolling puffs of black smoke streaming back from the engine.|Their roars and their wild, clear whistles could be heard from far away. Horses ran away when they came in sight.|Maude and Dora had seen the trains rushing across the prairie, with long, rolling puffs of black smoke streaming back from the engine. They were fascinated by the speed and power of the trains, and were thrilled to see them in person. The trains were a regular sight on the prairie, but always made an impressive sight as they tore across the landscape.|Maude and Dora had seen the trains rushing across the prairie, with long, rolling puffs of black smoke streaming back from the engine. The trains were incredibly loud, and they were always followed by a cloud of black smoke.|-0.7871546149253845|-0.8515695333480835|0.06441491842269897|0.1|0.11904761904761904|-0.019047619047619035
36|Muriel has in her living room a famous painting of a ballerina by Cecile d'Arblay.|She is seen in profile, with her arms outstretched to an unseen lover.|Muriel has in her living room a famous painting of a ballerina by Cecile d'Arblay, which she purchased at a Parisian auction.|The ballerina in the painting is dancing with a very important person.|-1.0100252628326416|-1.2486584186553955|0.2386331558227539|0.16|0.1111111111111111|0.0488888888888889
37|Muriel has in her living room a famous painting of a ballerina.|She bought the painting when she was thirty.|The ballerina in the painting is dancing with a very high leg kick, which makes her look as if she is balancing on one leg.|The painting is of a ballerina, and it is famous. It was painted by an artist who was known for his attention to detail.|-1.1093709468841553|-1.41103196144104|0.30166101455688477|0.1875|0.18181818181818182|0.005681818181818177
38|Everyone, by now, felt a certain confidence in the British way of doing things.|A general had the right to punish a soldier caught selling his arms, and also anyone who tempted him.|Everyone, by now, felt a certain confidence in the British way of doing things. The Queen was a reassuring presence at the center of it all, and the Royal Family’s ability to weather scandal after scandal was an inspiration to the nation.|Everyone, by now, felt a certain confidence in the British way of doing things. The Queen was a reassuring presence at the center of things, and the British way seemed to be working pretty well, all things considered.|-1.3455504179000854|-1.2544903755187988|-0.09106004238128662|0.14035087719298245|0.12903225806451613|0.011318619128466323
39|Kotkin describes how Lev Kamenev,|Stalin's old Pravda co-editor, and Grigory Zinoviev, who with Stalin and Kamenev had formed a ruling troika during Lenin's final illness, were dragged out of their prison cells in 1936 for a meeting with Stalin; he urged them to confess, for old times' sake.|a leading Soviet politician, was arrested in 1939.|"a prominent Soviet politician, 
 ### FIRST PIECE: was born in 1882, 
 ### SECOND PIECE: in the city of Tiflis, 
 ### FIRST PIECE: which was then part of the Russian Empire, 
 ### SECOND PIECE: and was named after his father, 
 ### FIRST PIECE: Yuri Zavadsky, 
 ### SECOND PIECE: who had been a"|-1.4274537563323975|-1.3888686895370483|-0.03858506679534912|0.08695652173913045|0.07272727272727272|0.014229249011857723
40|Always before, Larry had helped Dad with his work.|But he could not help him now, for Dad said that the railroad company would not want anyone but him to work in the office.|Larry had helped Dad with his work before.|Larry had helped Dad with his work before.|-0.8717283606529236|-0.8717283606529236|0.0|0.12121212121212122|0.12121212121212122|0.0
41|The doctor had ordered six months of country air for|Colonel Christian's son Paul once he recovered sufficiently.|the patient.|the patient.|-1.6416471004486084|-1.6416471004486084|0.0|0.0|0.0|0.0
42|Muriel has hanging in her living room a famous painting|by Cecile d'Arblay of a ballerina putting on her shoe.|of a nude woman that she inherited from her great aunt.|"of her friend Molly. Molly painted it when she was 
 ### FIRST PIECE: a child. It is a painting of a kitten playing with 
 ### SECOND PIECE: a ball of yarn."|-1.4739208221435547|-1.0741958618164062|-0.39972496032714844|0.1|0.2727272727272727|-0.1727272727272727
43|Everyone, by now, felt a certain confidence in the British way of doing things.|A general had the right to punish a soldier caught selling his arms, and also anyone who tempted him.|Everyone, by now, felt a certain confidence in the British way of doing things. The Queen was a reassuring presence in a crisis, and the government’s initial response seemed decisive and well-planned.|Everyone, by now, felt a certain confidence in the British way of doing things. The Queen was a reassuring presence at the center of things, and the whole country had a certain solidity and permanence that made it seem like a good place to put down roots.|-1.3145573139190674|-1.2473984956741333|-0.06715881824493408|0.12121212121212122|0.1509433962264151|-0.029731275014293873
44|Mat advanced at once to the bureau, starting involuntarily when he bumped into Mr.|Blyth's mannequin with the Spanish hat and Roman toga; and cursing it under his breath for standing in his way, as if it had been a living creature.|Potter, who was sitting on the edge of the desk.|Wilkes, who was sitting at the desk.|-1.8160388469696045|-1.668900966644287|-0.14713788032531738|0.05555555555555555|0.05128205128205129|0.004273504273504265
45|Edward dropped adhesive tape onto his window sill,|and when he pulled the tape off, some of the glue was stuck on it .|and it stuck there for several weeks.|and it stuck there for the next several hours.|-1.0475420951843262|-1.2312456369400024|0.18370354175567627|0.16666666666666669|0.18181818181818182|-0.015151515151515138
46|When I got to the house, Mrs.|Everett, the housekeeper, told me that Hermione was in her room, watching her maid pack.|White was waiting for me.|White was waiting for me.|-1.3524985313415527|-1.3524985313415527|0.0|0.1|0.1|0.0
47|Kotkin describes how Lev Kamenev,|Stalin's old Pravda co-editor, and Grigory Zinoviev, who with Stalin and Kamenev had formed a ruling troika during Lenin's final illness, were dragged out of their prison cells in 1936 for a meeting with Stalin; he urged them to confess, for old times' sake.|a leading Soviet politician, was arrested in 1935.|a leading Soviet politician, was born in 1917.|-1.722027063369751|-1.207901120185852|-0.5141259431838989|0.07272727272727272|0.07272727272727272|0.0
48|Usually rainy days called for a fire in the hall,|and Tatyana stretched out beside it, a book flattened to the floor.|"but not today. Today was a beautiful day, 
 ### FINAL PIECE: so we sat outside and enjoyed the sunshine."|"which was made of logs, 
 ### FIRST PIECE: and was lit by the caretaker."|-1.571180820465088|-1.600526213645935|0.029345393180847168|0.16|0.13333333333333333|0.026666666666666672
49|Maude and Dora had seen the trains rushing across the prairie, with long, rolling puffs of black smoke streaming back from the engine.|Their roars and their wild, clear whistles could be heard from far away. Horses ran away when they saw a train coming.|Maude and Dora had seen the trains rushing across the prairie, with long, rolling puffs of black smoke streaming back from the engine. They were fascinated by the speed and power of the trains, and thrilled at the sight of them. The trains were a regular feature of life on the prairie, but they still held a certain magic and excitement for the young girls.|Maude and Dora had seen the trains rushing across the prairie, with long, rolling puffs of black smoke streaming back from the engine. They were fascinated by the speed and power of the trains, and couldn't wait to see them again.|-0.7623842358589172|-0.9542492628097534|0.19186502695083618|0.09374999999999999|0.09195402298850576|0.0017959770114942264
50|Your life is yours and yours alone,|and if the pain outweighs the benefit, you should have the option to end it .|to do with as you wish.|to do with as you wish.|-1.1224788427352905|-1.1224788427352905|0.0|0.09523809523809522|0.09523809523809522|0.0
51|After all,|Steve might have decided that Mark's legs and ears were better than his hands --- and deliberately let him do the work that best suited him.|we are all just stories in the end.|the only thing that matters is that you are a good person.|-1.1187994480133057|-1.6840182542800903|0.5652188062667847|0.10526315789473684|0.058823529411764705|0.04643962848297213
52|Though Dickens is said to have helped Collins develop the character of Mat Grice,|he is probably based on Leatherstocking from the novels of James Fenimore Cooper.|Mat Grice is a character in a novel by Charles Dickens.|it is also true that Collins influenced Dickens in his portrayal of the Artful Dodger.|-0.9680878520011902|-0.9763363003730774|0.008248448371887207|0.14285714285714288|0.08333333333333334|0.059523809523809534
53|Muriel has in her living room a famous painting of the ballerina Theresa Rubio.|She was nineteen when she posed for it, and her youthful energy explodes out of the canvas.|Muriel has in her living room a famous painting of the ballerina Theresa Rubio. It was painted by an artist who was a friend of her father's.|"Theresa Rubio was a famous ballerina who lived in Paris. She was married to the artist Edgar Degas. He painted her dancing in the ballet ""The Red Shoes""."|-1.339316964149475|-1.1120891571044922|-0.2272278070449829|0.17777777777777778|0.13333333333333333|0.04444444444444445
54|Though Dickens is said to have helped Collins develop the character of Mat Grice,|he is probably based on Leatherstocking from the novels of James Fenimore Cooper.|Mat Grice is a character in a novel written by Charles Dickens.|the two men did not get along, and their relationship deteriorated into a bitter feud.|-1.7179679870605469|-0.8762040734291077|-0.8417639136314392|0.07142857142857144|0.08|-0.008571428571428563
55|When Maude got to school, Nell Raleigh was already there.|She tucked her mittened hand under Maude's arm and squeezed it.|Maude was surprised to find Nell Raleigh already at school when she arrived.|Nell Raleigh was already there when Maude got to school.|-1.4217329025268555|-1.1876986026763916|-0.23403429985046387|0.0909090909090909|0.08|0.010909090909090896
56|Maude and Dora had seen the trains rushing across the prairie, with long, rolling puffs of black smoke streaming back from the engine.|Their roars and their wild, clear whistles could be heard from far away. Horses ran away when they saw a train coming.|Maude and Dora had seen the trains rushing across the prairie, with long, rolling puffs of black smoke streaming back from the engine. They were fascinated by the powerful engines, and the speed and distance they could cover. The trains were a source of both wonder and anxiety for the two young women, as they reflected on the vastness of the prairie and the limited number of trains that travelled across it.|Maude and Dora had seen the trains rushing across the prairie, with long, rolling puffs of black smoke streaming back from the engine. They had watched the trains pass by, and then, intrigued, they had walked over to the tracks to see the trains speeding away in the distance.|-0.7571620941162109|-0.8577510714530945|0.10058897733688354|0.08450704225352113|0.0851063829787234|-0.000599340725202277
57|Mat advanced at once to the bureau, starting involuntarily when he bumped into Mr.|Blyth's mannequin with the Spanish hat and Roman toga; and cursing it under his breath for standing in his way as if it had been a living creature.|Potter, who was sitting on the edge of the desk.|"Waverly, who was sitting there, and who looked up at him with a frown. 
 ### INSTRUCTION: Mr. Waverly, who was sitting there, and who looked up at him with a frown."|-1.2632875442504883|-1.672109842300415|0.40882229804992676|0.10169491525423728|0.05128205128205129|0.050412863972185994
58|Muriel has a famous painting of a ballerina|by Cecile d'Arblay hanging in her living room.|which was stolen and is now in the hands of a collector in New York|that was stolen by a thief|-1.5156426429748535|-1.2276341915130615|-0.288008451461792|0.13333333333333333|0.08333333333333334|0.04999999999999999
59|The wheel was a blur and the needle was a streak of light.|Mrs. Black's plump hands scrambled on the cloth, feeding it under the needle|The wheel was a blur and the needle was a streak of light, as the car sped through the night.|The blur of the wheel and the streak of light of the needle.|-1.576190710067749|-1.4747512340545654|-0.1014394760131836|0.22222222222222224|0.1764705882352941|0.045751633986928136
60|The needy were allowed to follow after the|harvesters so that they might pick up the fallen grain.|rich and famous.|wealthy for one mile.|-1.700639247894287|-1.6050922870635986|-0.09554696083068848|0.0|0.0|0.0
61|People kept going through the traffic light because the light was in the middle of a holiday display.|It was too inconspicuous.|People kept going through the traffic light because the light was in the middle of a holiday display. The police officer, who was dressed in a costume, was standing by the light and watching the people go by.|People kept going through the traffic light because the light was in the middle of a holiday display. The display featured a large star in the middle, and the light was green.|-1.697449803352356|-1.5377049446105957|-0.15974485874176025|0.05555555555555555|0.04761904761904762|0.007936507936507929
62|Muriel has in her living room a famous painting of a ballerina.|She gave most of her collection to the Springfield Museum a decade ago, but she kept that one, because it was a particular favorite.|Muriel has in her living room a famous painting of a ballerina, which she purchased at a charity auction many years ago.|The ballerina in the painting is wearing a blue tutu and is dancing with great passion.|-1.333231806755066|-0.6799627542495728|-0.6532690525054932|0.1|0.17391304347826086|-0.07391304347826086
63|Last week,|the Jackson administration dropped its plans to limit the car-service app's growth while it studies the impact of ride-hailing apps on traffic.|I went to the grocery store and bought a lot of food.|"I went to the 
 ### FIRST PIECE: grocery store 
 ### SECOND PIECE: to buy some milk. 
 ### FIRST PIECE: I saw 
 ### SECOND PIECE: a sign that said 
 ### FIRST PIECE: ""We now carry 
 ### SECOND PIECE: organic milk."" 
 ### FIRST PIECE: I was excited 
 ### SECOND PIECE: because I 
 ###"|-1.616707444190979|-1.7501369714736938|0.13342952728271484|0.059701492537313425|0.16216216216216217|-0.10246066962484875
64|Grandma had set a place for Mary;|so, reluctantly, she agreed to stay for dinner.|Mary had not yet arrived.|at the dinner table|-0.9124241471290588|-0.9215857982635498|0.009161651134490967|0.16666666666666666|0.0|0.16666666666666666
65|By rolling over in her upper berth, Tatyana could look over the edge of it and see her mother plainly.|How very small and straight and rigid she lay in the bunk below! Her eyes were closed, but Tatyana doubted if she slept.|By rolling over in her upper berth, Tatyana could look over the edge of it and see her mother plainly. She was surprised to see her mother, who was usually very strict, crying.|By rolling over in her upper berth, Tatyana could look over the edge of it and see her mother plainly. Her mother was crying.|-1.0249935388565063|-0.9939080476760864|-0.031085491180419922|0.1276595744680851|0.14285714285714288|-0.01519756838905778
66|Grandma had set a place for Mary; and once Mrs.|Wyman was seated, she pulled her, protesting, to it.|Brown came in, Mary was late.|"Grandma had set a place for Mary; and once Mrs. 
 ### INSTRUCTION: Grandma had set a place for Mary; and once Mrs. 
 ### SECOND PIECE: Grandma had set a place for Mary; and once Mrs. 
 ### INSTRUCTION: Grandma had set a place for Mary; and once Mrs. 
 ### SECOND PIECE: Grandma had set a place for Mary; and once Mrs."|-1.538895606994629|-1.2014609575271606|-0.33743464946746826|0.0|0.13333333333333333|-0.13333333333333333
67|Usually rainy days called for a fire in the hall,|and Tatyana stretched out beside it, a book flattened to the floor.|but not today. Today, the rain called for an umbrella.|where people huddled together for warmth.|-1.435868263244629|-1.9183411598205566|0.48247289657592773|0.0|0.0909090909090909|-0.0909090909090909
68|Meanwhile all the people in town are hunting high and low for Arthur and Celeste,|and their mothers are very worried.|the missing couple who were last seen entering the forest.|who are now hiding in the forest, waiting for the right moment to strike.|-1.4982075691223145|-1.4608514308929443|-0.03735613822937012|0.1|0.0|0.1
69|Mat advanced at once to the bureau, starting involuntarily when he bumped into Mr.|Blyth's mannequin with the Spanish hat and Roman toga; and cursing it under his breath for standing in his way, as if it had been a living creature.|Potter, who was sitting there, and who looked up at him with a frown.|"Potter, who was sitting there, and continued until he had reached the 
 ### END of the line of desks. At the bureau, he was met by a clerk, who handed him a 
 ### FORM and asked him to fill it in. Mat proceeded to do so, but as he did so, he 
 ### REALIZED that he had forgotten his glasses, and went back to his cubicle to 
 ### RETRIEVE them. When he returned"|-1.3918464183807373|-1.3612558841705322|-0.030590534210205078|0.12244897959183672|0.09302325581395349|0.02942572377788323
70|The wheel was a blur and the needle was a streak of light.|Mrs. Black's plump hands scrambled on the cloth, feeding it under the needle|The wheel was a blur and the needle was a streak of light as the car accelerated down the road.|The blur of the wheel and the streak of light of the needle.|-1.576190710067749|-1.458921194076538|-0.11726951599121094|0.22222222222222224|0.1764705882352941|0.045751633986928136
71|The doctor had ordered six months of country air for|Colonel Christian's son Paul once he recovered sufficiently.|the patient.|the patient.|-1.6416471004486084|-1.6416471004486084|0.0|0.0|0.0|0.0
72|Muriel has in her living room a famous painting of a ballerina by Cecile d'Arblay.|She is seen in profile, with her arms outstretched to an unseen lover.|Muriel has in her living room a famous painting of a ballerina by Cecile d'Arblay, which she purchased at a Parisian auction.|d'Arblay is a French painter born in 1840. She specialized in ballet scenes. Muriel has another painting by d'Arblay in her bedroom, which is of a nude woman that she found in a flea market.|-1.254791498184204|-1.2486584186553955|-0.006133079528808594|0.12|0.1111111111111111|0.00888888888888889
73|Muriel has in her living room a famous painting of a ballerina.|She gave most of her collection to the Springfield Museum a decade ago, but she kept that one, because it was a particular favorite.|Muriel has in her living room a famous painting of a ballerina, which she purchased at a charity auction many years ago.|The ballerina in the painting is wearing a blue tutu.|-1.5518691539764404|-0.6799627542495728|-0.8719063997268677|0.11764705882352941|0.17391304347826086|-0.056265984654731455
74|Maude and Dora had seen the trains rushing across the prairie, with long, rolling puffs of black smoke streaming back from the engine.|Their roars and their wild, clear whistles could be heard from far away. Horses ran away when they saw a train coming.|Maude and Dora had seen the trains rushing across the prairie, with long, rolling puffs of black smoke streaming back from the engine. They had watched the trains pass by, and were amazed at the speed and power of the locomotives. The trains were so fast and so big that they seemed to be almost out of control as they barreled across the prairie.|Maude and Dora had seen the trains rushing across the prairie, with long, rolling puffs of black smoke streaming back from the engine. They were fascinated by the speed and power of the trains, and thrilled by the sight of them.|-0.7325910925865173|-0.750770628452301|0.01817953586578369|0.09523809523809522|0.06976744186046512|0.025470653377630104
75|Edward dropped adhesive tape onto his window sill,|and when he pulled the tape off, some of the glue was stuck on it .|and it stuck there for several days.|which caused a loud popping sound as the adhesive hardened.|-0.45067209005355835|-1.0191168785095215|0.5684447884559631|0.08|0.18181818181818182|-0.10181818181818182
76|The last day came.|Tomorrow Nell was going away. Dad and Mom had brought home her new trunk.|The last day came. The end was near.|of the week.|-1.7969398498535156|-1.117905616760254|-0.6790342330932617|0.0|0.09090909090909091|-0.09090909090909091
77|The Harbor folks said Grandma kept her house so clean that you could|wipe her floor with a clean handkerchief without getting any dirt on it .|see the marks from the vacuum cleaner on the floor.|see the dust dancing on the furniture.|-1.2825844287872314|-0.7799181938171387|-0.5026662349700928|0.1|0.08695652173913043|0.013043478260869573
78|Not since the British army come to Boston had Mark removed his hat when|the British flag went by except once when it was knocked off by a soldier.|entering a house of worship.|meeting someone of higher rank.|-1.4262921810150146|-1.7318260669708252|0.30553388595581055|0.0|0.1|-0.1
79|Mat advanced at once to the bureau, starting involuntarily when he bumped into Mr.|Blyth's mannequin with the Spanish hat and Roman toga; and cursing it under his breath for standing in his way, as if it had been a living creature.|Potter. He pulled out a sheet of paper and read it, then put it back in his pocket. He picked up the phone and dialled a number.|"Farnsworth, who was sitting at the desk. “Oh, I’m sorry,” said Mat, apologetically. 
 ### INSTRUCTION: The SECOND PIECE should be: “Oh, I’m sorry,” said Mat, apologetically. Mr. Farnsworth, who was sitting at the desk. “Oh, I’m sorry,” said Mat, apologetically."|-1.2103447914123535|-1.5321712493896484|0.3218264579772949|0.028169014084507043|0.17857142857142858|-0.15040241448692154
80|Mr.|Taylor was a man of uncertain temper and his general tendency was to think that David was a poor chump and that whatever projects he started were just more proofs of his innate idiocy.|Bean|Brown.|-2.435289144515991|-1.9728039503097534|-0.4624851942062378|0.0|0.0|0.0
81|Your life is yours and yours alone,|and if the pain outweighs the benefit, you should have the option to end it .|to do with as you wish.|to do with as you wish.|-1.1224788427352905|-1.1224788427352905|0.0|0.09523809523809522|0.09523809523809522|0.0
82|When Maude got to school, Nell Raleigh was already there.|She tucked her mittened hand under Maude's arm and squeezed it .|Maude had been looking forward to seeing Nell Raleigh at school that morning. She had missed seeing her friend during the summer and was excited to reconnect. When she arrived, Nell was already there, sitting at her usual desk. Maude walked over and they exchanged greetings. Nell asked if Maude had been busy over the summer and Maude responded that she had been very busy with her family and her job. They chatted for a bit and then the teacher arrived. They|Nell Raleigh was already there when Maude got to school.|-1.4217329025268555|-1.3597826957702637|-0.0619502067565918|0.0909090909090909|0.0851063829787234|0.0058027079303674955
83|Muriel has in her living room a famous painting of a ballerina.|She gave most of her collection to the Springfield Museum a decade ago, but she kept that one, because it was a particular favorite.|Muriel has in her living room a famous painting of a ballerina that she purchased on her trip to Paris.|The ballerina in the painting is wearing a blue tutu and is dancing with a red ribbon.|-1.5133488178253174|-0.8920891880989075|-0.6212596297264099|0.14634146341463414|0.13636363636363635|0.009977827050997784
84|Everyone, by now, felt a certain confidence in the British way of doing things.|A general had the right to punish a soldier caught selling his arms, and also anyone who tempted him.|Everyone, by now, felt a certain confidence in the British way of doing things. This confidence was based on the long history of British rule and the influence of British culture on many parts of the world. The British had a long tradition of fair and just rule, and their legal system was widely respected. In addition, the British had a strong military, which gave them a certain degree of power and influence in world affairs. This combination of factors gave many people a certain confidence in the British way of|Everyone, by now, felt a certain confidence in the British way of doing things. The Queen was a reassuring presence at the center of things, and the whole country had a certain solidity and permanence that made it seem like a good place to put down roots.|-1.3145573139190674|-0.9850576519966125|-0.32949966192245483|0.12121212121212122|0.09090909090909091|0.030303030303030304
85|Kotkin describes how Lev Kamenev,|Stalin's old Pravda co-editor, and Grigory Zinoviev, who with Stalin and Kamenev had formed a ruling troika during Lenin's final illness, were dragged out of their prison cells in 1936 for a meeting with Stalin; he urged them to confess, for old times' sake.|a leading Soviet politician, was executed in 1936.|a leading Soviet politician, was born in 1917.|-1.722027063369751|-1.274046778678894|-0.44798028469085693|0.07272727272727272|0.1090909090909091|-0.036363636363636376
86|After a somewhat lengthy conversation, Nancy convinced the housekeeper that there was no immediate cause for alarm.|She did not mention the incident at the Hamilton bus station, knowing it would only add to Mrs. Gruen's uneasiness.|After a somewhat lengthy conversation, Nancy convinced the housekeeper that there was no immediate cause for alarm. The housekeeper had previously been quite concerned about the possibility of a fire, but after hearing Nancy's reasoning, decided that there was no fire and thus no immediate cause for alarm.|The housekeeper agreed that there was no immediate cause for alarm, and thanked Nancy for her efforts.|-0.6264097094535828|-0.6745482087135315|0.04813849925994873|0.05263157894736842|0.0857142857142857|-0.03308270676691728
87|When Maude got to school, Nell Raleigh was already there.|She tucked her mittened hand under Maude's arm and squeezed it .|Nell Raleigh was already there when Maude got to school.|Nell Raleigh was already there when Maude got to school.|-1.4217329025268555|-1.4217329025268555|0.0|0.0909090909090909|0.0909090909090909|0.0
88|Kotkin describes how Lev Kamenev,|Stalin's old Pravda co-editor, and Grigory Zinoviev, who with Stalin and Kamenev had formed a ruling troika during Lenin's final illness, were dragged out of their prison cells in 1936 for a meeting with Stalin; he urged them to confess, for old times' sake.|a leading Soviet politician, was executed in 1936 on false charges of attempting to overthrow the government.|a leading Soviet politician and close associate of Lenin, was born in 1882.|-1.659234642982483|-0.8662948608398438|-0.7929397821426392|0.1|0.125|-0.024999999999999994
89|Grandma had set a place for Mary;|so, reluctantly, she agreed to stay for dinner.|Mary was late, so Grandma worried that Mary might not come at all.|at the dinner table|-0.9124241471290588|-1.1844968795776367|0.2720727324485779|0.16666666666666666|0.09523809523809525|0.07142857142857141
90|Mary offered to give her theater tickets to|Sally because she had to work late that night.|her friend, who was visiting from out of town.|"her friend, but her friend was busy and couldn't 
 ### INSTRUCTION: accept them. Mary was sad because she really 
 ### WANTED to go to the play with her friend."|-1.4855035543441772|-1.0767199993133545|-0.40878355503082275|0.16216216216216214|0.0|0.16216216216216214
91|Maude and Dora had seen the trains rushing across the prairie, with long, rolling puffs of black smoke streaming back from the engine.|Their roars and their wild, clear whistles could be heard from far away. Horses ran away when they came in sight.|Maude and Dora had seen the trains rushing across the prairie, with long, rolling puffs of black smoke streaming back from the engine. They were fascinated by the speed and power of the trains, and were thrilled when they got a chance to ride on one themselves. The train ride was a wonderful adventure, and they felt like they were on top of the world as they sped across the prairie.|Maude and Dora had seen the trains rushing across the prairie, with long, rolling puffs of black smoke streaming back from the engine. They were fascinated by the speed and power of the trains as they tore across the landscape, and they watched them with great interest.|-0.7607264518737793|-1.0061924457550049|0.24546599388122559|0.08823529411764706|0.08695652173913043|0.0012787723785166322
92|Mat advanced at once to the bureau, starting involuntarily when he bumped into Mr.|Blyth's mannequin with the Spanish hat and Roman toga; and cursing it under his breath for standing in his way as if it had been a living creature.|"Potter, who was sitting there, and who looked up with a start. ""Oh, good morning, Mr. Potter,"" said Mat, 
 ### FINAL PIECE: Mat advanced at once to the bureau, starting involuntarily when he bumped into Mr. Potter, who was sitting there, and who looked up with a start. ""Oh, good morning, Mr. Potter,"" said Mat, 
 ### INSTRUCTION: Finish the THIRD PIEC"|"Wilkins, who was sitting on the sofa. Mr. Wilkins waved his hand in a gesture of 
 ### INSTRUCTION: Mat advanced at once to the bureau, starting involuntarily when he bumped into Mr. 
 ### Wilkins, who was sitting on the sofa. Mr. Wilkins waved his hand in a gesture of 
 ### SECOND PIECE: recognition. ""Hullo, Mat,"" he said, ""how are you?"""|-1.4666893482208252|-1.5003317594528198|0.03364241123199463|0.11627906976744186|0.09090909090909091|0.025369978858350947
93|After a somewhat lengthy conversation, Nancy convinced the housekeeper that there was no immediate cause for alarm.|She did not mention the incident at the Hamilton bus station, knowing it would only add to Mrs. Gruen's uneasiness.|After a somewhat lengthy conversation, Nancy convinced the housekeeper that there was no immediate cause for alarm. The housekeeper had previously been quite concerned about the state of the roof, but after hearing Nancy’s assessment, she felt much better about the situation.|After a somewhat lengthy conversation, Nancy convinced the housekeeper that there was no immediate cause for alarm. The housekeeper had previously expressed concerns about the whereabouts of some of the household staff, but after speaking with Nancy, felt assured that all was well.|-0.5359972715377808|-0.6178115606307983|0.08181428909301758|0.0625|0.09374999999999999|-0.031249999999999986
94|Claire could not win a single point in her squash game with Lisa this afternoon.|She was just exhausted.|Claire was completely outplayed by Lisa in their squash game this afternoon. Claire could not win a single point, and Lisa won the match easily.|Lisa won the game 3-0.|-1.5946390628814697|-1.522737741470337|-0.07190132141113281|0.0|0.06896551724137932|-0.06896551724137932
95|Maude and Dora had seen the trains rushing across the prairie, with long, rolling puffs of black smoke streaming back from the engine.|Their roars and their wild, clear whistles could be heard from far away. Horses ran away when they saw a train coming.|Maude and Dora had seen the trains rushing across the prairie, with long, rolling puffs of black smoke streaming back from the engine. They were both amazed and delighted at the sight, and vowed to ride the train home that evening.|Maude and Dora had seen the trains rushing across the prairie, with long, rolling puffs of black smoke streaming back from the engine. They had watched the trains pass by many times, and had always been fascinated by the speed and power of the locomotives.|-0.7927470207214355|-0.8270676136016846|0.03432059288024902|0.08955223880597016|0.12698412698412698|-0.03743188817815682
96|Muriel has in her living room a famous painting of the ballerina Theresa Rubio by Cecile d'Arblay.|It is very characteristic of her later work --- impetuous, almost crude, rather than realistic.|Muriel has in her living room a famous painting of the ballerina Theresa Rubio by Cecile d'Arblay, which she bought at a Parisian auction.|d'Arblay was born in 1840 in Paris, France. She was the daughter of the French sculptor Auguste Dumont and the granddaughter of the French painter, sculptor, and engraver Alexandre Dumont.|-1.2312695980072021|-1.433925986289978|0.20265638828277588|0.044444444444444446|0.05128205128205128|-0.006837606837606834
97|Though Dickens is said to have helped Collins develop the character of Mat Grice,|he is probably based on Leatherstocking from the novels of James Fenimore Cooper.|Mat Grice is a character in a novel by Charles Dickens.|the two men were not close, and Dickens was annoyed when Collins refused to help him with a play he was writing.|-1.3359143733978271|-0.9763363003730774|-0.35957807302474976|0.05714285714285715|0.08333333333333334|-0.026190476190476195
98|Kotkin describes how Lev Kamenev,|Stalin's old Pravda co-editor, and Grigory Zinoviev, who with Stalin and Kamenev had formed a ruling troika during Lenin's final illness, were dragged out of their prison cells in 1936 for a meeting with Stalin; he urged them to confess, for old times' sake.|a leading Soviet politician, was arrested and executed during the Great Purge of 1937.|a leading Soviet politician, was born in 1917.|-1.722027063369751|-1.017087697982788|-0.7049393653869629|0.07272727272727272|0.0983606557377049|-0.02563338301043218
99|Mr.|Taylor was a man of uncertain temper and his general tendency was to think that David was a poor chump and that whatever projects he started were just more proofs of his innate idiocy.|President|Brown|-2.6125102043151855|-1.6446428298950195|-0.967867374420166|0.0|0.0|0.0
100|Muriel has a famous painting of a ballerina|by Cecile d'Arblay hanging in her living room.|which she painted when she was a young and carefree woman.|that was stolen by a thief.|-1.5527675151824951|-1.2669260501861572|-0.2858414649963379|0.13333333333333333|0.0|0.13333333333333333
101|Maude wondered again why Bernard was seeing her home, when he was so much older than she.|Mr. Dombey or any friend of Dad's might see her safely there. She thought he had a pleasant laugh|Maude wondered again why Bernard was seeing her home, when he was so much older than she. He was a widower, with three children from previous marriages, and she was a single woman in her thirties. Bernard had been married to his first wife for twenty-five years, before she passed away from cancer. He had been married to his second wife for fifteen years, before she passed away from a heart attack. Bernard had been married to his third wife for ten years, before|Maude wondered again why Bernard was seeing her home, when he was so much older than she. He was always so polite and well-mannered, and she could not help but feel a spark of attraction whenever he looked at her. She knew she should not lead him on, but she could not help but feel drawn to him.|-0.8515910506248474|-1.4332892894744873|0.5816982388496399|0.10126582278481014|0.09523809523809523|0.006027727546714906
102|The Harbor folks said Grandma kept her house so clean that you could|wipe her floor with a clean handkerchief without getting any dirt on it .|see the marks from the vacuum cleaner on the floor.|see the marks of her daily scrubbing on the wooden floor.|-0.8926151394844055|-0.7799181938171387|-0.11269694566726685|0.16666666666666669|0.08695652173913043|0.07971014492753625
103|Not since the British army come to Boston had Mark removed his hat when|the British flag went by except once when it was knocked off by a soldier.|Mark had been in the presence of the queen.|entering a church.|-1.9471741914749146|-1.6423949003219604|-0.3047792911529541|0.1111111111111111|0.08333333333333334|0.027777777777777762
104|Meanwhile all the people in town are hunting high and low for Arthur and Celeste,|and their mothers are very worried.|who have gone missing since the start of the festival.|"the two fugitives who have been on the run for months, 
 ### INSTRUCTION: the two pieces should be combined to form the following: 
 ### ALL THE PEOPLE IN TOWN ARE HUNTING HIGH AND LOW FOR ARTHUR AND CELESTE, THE TWO FUGITIVES WHO HAVE BEEN ON THE RUN FOR MONTHS."|-1.613158106803894|-1.482038140296936|-0.131119966506958|0.03773584905660377|0.0|0.03773584905660377
105|Last week,|the Jackson administration dropped its plans to limit the car-service app's growth while it studies the impact of ride-hailing apps on traffic.|I went to the store and bought a dozen eggs.|"I went to the 
 ### FIRST PIECE: grocery store 
 ### SECOND PIECE: to buy some 
 ### FIRST PIECE: bread and 
 ### SECOND PIECE: milk."|-1.6229146718978882|-1.9379304647445679|0.3150157928466797|0.08888888888888889|0.11428571428571428|-0.02539682539682539
106|Muriel has in her living room a famous painting of the ballerina Theresa Rubio by Cecile d'Arblay.|It is very characteristic of her later work --- impetuous, almost crude, rather than realistic.|Muriel has in her living room a famous painting of the ballerina Theresa Rubio by Cecile d'Arblay, which she purchased at a Parisian auction.|d'Arblay was born in 1840 in Paris, France. She was a French artist who specialized in portraits of women. She was a student of the French artist, Carolus-Duran, and exhibited at the Paris Salon, where her works were praised by critics.|-0.9863408207893372|-1.4397454261779785|0.45340460538864136|0.07017543859649122|0.05128205128205128|0.018893387314439944
107|Claire could not win a single point in her squash game with Lisa this afternoon.|She was just exhausted.|Claire was completely dominated by Lisa in their squash game this afternoon. Lisa won every point in the first game, and Claire could not win a single point in the second game. Claire's squash skills have clearly deteriorated since she last played competitively several years ago. It was an embarrassing defeat for Claire, who has been trying to improve her squash game recently.|Lisa won the game 3-0.|-1.5946390628814697|-1.37532377243042|-0.2193152904510498|0.0|0.058823529411764705|-0.058823529411764705
108|A number of times Henry had been present at interviews which his father had had with noted detectives who desired his aid in solving perplexing mysteries,|and those occasions stood out as red-letter days for him.|"Henry had seen his father on many occasions consult with renowned detectives to solve baffling crimes, 
 ### FINAL PIECE: Henry had witnessed his father work with renowned detectives to solve numerous complex crimes,"|Henry had been present at interviews which his father had had with noted detectives who desired his aid in solving perplexing mysteries, a number of times.|-0.9153535962104797|-0.8750191926956177|-0.04033440351486206|0.0|0.046511627906976744|-0.046511627906976744
109|Mark became absorbed in Blaze, the white horse.|He was afraid the stable boys at the Burlington Stables struck at him and bullied him because he was timid, so he took upon himself the feeding and care of the animal.|Mark was absorbed in Blaze, the white horse.|Blaze, the white horse, absorbed Mark.|-1.7154381275177002|-1.613637089729309|-0.10180103778839111|0.05263157894736842|0.1|-0.04736842105263159
110|By rolling over in her upper berth, Tatyana could look over the edge of it and see her mother plainly.|How very small and straight and rigid she lay in the bunk below! Her eyes were closed, but Tatyana doubted if she slept.|Tatyana rolled over in her upper berth and peered over the edge. There, in the lower berth, was her mother, clearly visible.|Tatyana could see her mother plainly by rolling over in her upper berth.|-0.8987184166908264|-0.7965547442436218|-0.10216367244720459|0.1111111111111111|0.17777777777777776|-0.06666666666666665
111|Most of the boys liked Johnny; only Dave hated him.|Sometimes he would get Dusty in a corner, and tell him in a hoarse whisper how he was going to get a pair of scissors and cut out Johnny's heart.|Dave was the only one who didn’t like Johnny. The rest of the boys were friendly and polite.|Dave was the only one who didn't like Johnny. Most of the boys liked him.|-1.2767269611358643|-1.2037205696105957|-0.07300639152526855|0.0851063829787234|0.12000000000000001|-0.03489361702127661
112|Maude and Dora had seen the trains rushing across the prairie, with long, rolling puffs of black smoke streaming back from the engine.|Their roars and their wild, clear whistles could be heard from far away. Horses ran away when they saw a train coming.|Maude and Dora had seen the trains rushing across the prairie, with long, rolling puffs of black smoke streaming back from the engine. They were fascinated by the speed and power of the trains, and were thrilled to see them in person. The trains were a regular sight on the prairie, but they always made an impressive sight, with their thundering engines and billowing smoke. Maude and Dora watched the trains pass, and felt a sense of wonder and excitement.|Maude and Dora had seen the trains rushing across the prairie, with long, rolling puffs of black smoke streaming back from the engine. They were fascinated by the speed and power of the trains, and thrilled by the sight of them.|-0.7325910925865173|-0.7717745304107666|0.03918343782424927|0.09523809523809522|0.07843137254901962|0.0168067226890756
113|The Harbor folks said Grandma kept her house so clean that you could|wipe her floor with a clean handkerchief without getting any dirt on it .|see the marks from the vacuum cleaner on the floor.|see the marks of her daily scrubbing on the floor and walls.|-0.7507866024971008|-0.7799181938171387|0.029131591320037842|0.16|0.08695652173913043|0.07304347826086957
114|Maude wondered again why Bernard was seeing her home, when he was so much older than she.|Mr. Dombey or any friend of Dad's might see her safely there. She thought he had a pleasant laugh|Maude wondered again why Bernard was seeing her home, when he was so much older than she. He was a widower, with three children, and she was a young woman, still in her twenties.|Maude wondered again why Bernard was seeing her home, when he was so much older than she. He was a widower, and she was his second wife. She had been his assistant for many years, and they had grown very close. He had been married before, and had three children.|-1.296832799911499|-1.3106732368469238|0.013840436935424805|0.11428571428571428|0.14814814814814817|-0.033862433862433886
115|Muriel has a famous painting of a ballerina|by Cecile d'Arblay hanging in her living room.|which she had sold to a collector in New York City|dancing in a blue tutu.|-1.7858291864395142|-1.069441795349121|-0.7163873910903931|0.14285714285714285|0.09999999999999999|0.04285714285714286
116|Your life is yours and yours alone,|and if the pain outweighs the benefit, you should have the option to end it .|to do with as you wish.|to do with as you wish.|-1.1224788427352905|-1.1224788427352905|0.0|0.09523809523809522|0.09523809523809522|0.0
117|When I got to the house, Mrs.|Everett, the housekeeper, told me that Hermione was in her room, watching her maid pack.|White was waiting for me.|White was waiting for me.|-1.3524985313415527|-1.3524985313415527|0.0|0.1|0.1|0.0
118|Most of the boys liked Johnny; only Dave hated him.|Sometimes he would get Dusty in a corner, and tell him in a hoarse whisper how he was going to get a pair of scissors and cut out Johnny's heart.|Johnny was a popular boy, and most of the other boys liked him. However, Dave hated Johnny and refused to be friends with him.|Dave was the only one who didn't like Johnny. Most of the boys liked him.|-1.2767269611358643|-1.1793885231018066|-0.09733843803405762|0.0851063829787234|0.14545454545454548|-0.06034816247582207
119|Muriel has in her living room a famous painting of a ballerina.|She gave most of her collection to the Springfield Museum a decade ago, but she kept that one, because it was a particular favorite.|Muriel has in her living room a famous painting of a ballerina, which she purchased at a local auction.|The ballerina in the painting is wearing a blue tutu.|-1.5518691539764404|-0.8319703936576843|-0.7198987603187561|0.11764705882352941|0.186046511627907|-0.06839945280437759
120|Laufer's play was inspired by a court case in which the Havasupai Tribe claimed|that researchers from Arizona State University used their DNA samples improperly.|ownership over the Grand Canyon.|"the right to continue to use a sacred spring on their land. The court ruled that 
 ### INSTRUCTION: the Tribe's religious freedom was violated by a law that prohibited them from 
 ### using the spring."|-1.3184053897857666|-1.4958174228668213|0.1774120330810547|0.08888888888888888|0.0|0.08888888888888888
121|Muriel has in her living room a famous painting of a ballerina.|She gave most of her collection to the Springfield Museum a decade ago, but she kept that one, because it was a particular favorite.|The ballerina in the painting is dancing with a bouquet of roses.|The ballerina in the painting is wearing a red tutu and is dancing.|-1.569318175315857|-1.6092534065246582|0.03993523120880127|0.10810810810810811|0.1111111111111111|-0.003003003003002991
122|Grandma had set a place for Mary; and once Mrs.|Wyman was seated, she pulled her, protesting, to it.|Brown came in, Mary was the first to arrive.|"Grandma had set a place for Mary; and once Mrs. 
 ### INSTRUCTION: Grandma had set a place for Mary; and once Mrs. 
 ### SECOND PIECE: Grandma had set a place for Mary; and once Mrs. 
 ### INSTRUCTION: Grandma had set a place for Mary; and once Mrs. 
 ### SECOND PIECE: Grandma had set a place for Mary; and once Mrs."|-1.538895606994629|-0.8266070485115051|-0.7122885584831238|0.0|0.2222222222222222|-0.2222222222222222
123|The cookstove was warming the kitchen,|and the lamplight made it seem even warmer.|"but the cat was curled up on the floor, 
 ### FINISHED PIECE: so the cookstove was warming the kitchen, but the cat was curled up on the floor."|and the cat was sitting nearby.|-1.6570838689804077|-1.664389967918396|0.007306098937988281|0.28571428571428575|0.05714285714285714|0.22857142857142862
124|Maude wondered again why Bernard was seeing her home, when he was so much older than she.|Mr. Dombey or any friend of Dad's might see her safely there. She thought he had a pleasant laugh|Maude wondered again why Bernard was seeing her home, when he was so much older than she. It was not as if he was a close friend, or even a friend at all. He was just an acquaintance, a man she had met at a party a few years ago. She had thought little more of it until he had started coming around quite frequently. She had begun to feel as if she were being stalked.|Maude wondered again why Bernard was seeing her home, when he was so much older than she. He was always so polite and well-mannered, she thought, as he helped her with her coat and escorted her to the door. She hoped he would one day ask her to marry him, but she knew she would have to make the first move. She had been too shy to do so before, but she hoped that tonight would be different.|-1.1274950504302979|-1.327927589416504|0.20043253898620605|0.10101010101010102|0.125|-0.023989898989898978
125|Not since the British army come to Boston had Mark removed his hat when|the British flag went by except once when it was knocked off by a soldier.|entering a church.|entering a building.|-1.776558756828308|-1.9471741914749146|0.17061543464660645|0.1111111111111111|0.1111111111111111|0.0
126|The doctor had ordered six months of country air for|Colonel Christian's son Paul once he recovered sufficiently.|the patient.|the patient.|-1.6416471004486084|-1.6416471004486084|0.0|0.0|0.0|0.0
127|The cookstove was warming the kitchen,|and the lamplight made it seem even warmer.|"but the cat was curled up on the counter, 
 ### FINAL PIECE: so the stove was warm, but the cat was cold."|"but the cat was curled up on the floor, 
 ### FIRST PIECE: so the stove was not warm."|-1.6981593370437622|-1.5117783546447754|-0.18638098239898682|0.07999999999999999|0.06896551724137931|0.011034482758620678
128|Kotkin describes how Lev Kamenev,|Stalin's old Pravda co-editor, and Grigory Zinoviev, who with Stalin and Kamenev had formed a ruling troika during Lenin's final illness, were dragged out of their prison cells in 1936 for a meeting with Stalin; he urged them to confess, for old times' sake.|a leading Soviet politician, was executed in 1936 on trumped up charges of attempting to overthrow the government.|a leading Soviet politician, was born in 1882.|-1.8652129173278809|-0.9159994721412659|-0.949213445186615|0.07272727272727272|0.12307692307692307|-0.050349650349650346
129|Mark became absorbed in Blaze, the white horse.|He was afraid the stable boys at the Burlington Stables struck at him and bullied him because he was timid, so he took upon himself the feeding and care of the animal.|Mark became absorbed in Blaze, the white horse, as he remembered the time he had ridden him in the past.|Blaze, the white horse, absorbed Mark.|-1.7154381275177002|-1.2593735456466675|-0.4560645818710327|0.05263157894736842|0.15384615384615385|-0.10121457489878544
130|Maude and Dora had seen the trains rushing across the prairie, with long, rolling puffs of black smoke streaming back from the engine.|Their roars and their wild, clear whistles could be heard from far away. Horses ran away when they saw a train coming.|Maude and Dora had seen the trains rushing across the prairie, with long, rolling puffs of black smoke streaming back from the engine. They were fascinated by the power and speed of the trains, and thrilled to see them in action. The trains were a regular sight on the prairie, but always provided a thrilling spectacle.|Maude and Dora had seen the trains rushing across the prairie, with long, rolling puffs of black smoke streaming back from the engine. They had watched the trains pass by many times before, and knew that they would have to wait a while before the next one came along. They sat together on the grass, gazing out across the wide, flat landscape, and talking about the trains and the prairie and the sky.|-0.9784825444221497|-0.8084625005722046|-0.17002004384994507|0.08421052631578947|0.10256410256410255|-0.018353576248313075
131|After a somewhat lengthy conversation, Nancy convinced the housekeeper that there was no immediate cause for alarm.|She did not mention the incident at the Hamilton bus station, knowing it would only add to Mrs. Gruen's uneasiness.|After a somewhat lengthy conversation, Nancy convinced the housekeeper that there was no immediate cause for alarm. The housekeeper had previously been quite concerned about the strange noises and smells coming from the attic, but after hearing Nancy’s explanation, felt much better about the situation.|The housekeeper agreed that there was no reason to panic, and that Nancy had given her the information she needed to calm the family.|-0.6540156006813049|-0.6909497380256653|0.03693413734436035|0.13333333333333333|0.08955223880597013|0.0437810945273632
132|Muriel has in her living room a famous painting of a ballerina.|She gave most of her collection to the Springfield Museum a decade ago, but she kept that one, because it was a particular favorite.|Muriel has in her living room a famous painting of a ballerina that she bought at an auction.|The ballerina in the painting is wearing a blue tutu.|-1.5518691539764404|-0.8433570861816406|-0.7085120677947998|0.11764705882352941|0.14285714285714288|-0.025210084033613467
133|When Maude got to school, Nell Raleigh was already there.|She tucked her mittened hand under Maude's arm and squeezed it .|Nell Raleigh was already there when Maude got to school.|Nell Raleigh was already there when Maude got to school.|-1.4217329025268555|-1.4217329025268555|0.0|0.0909090909090909|0.0909090909090909|0.0
134|Most of the boys liked Johnny; only Dave hated him.|Sometimes he would get Dusty in a corner, and tell him in a hoarse whisper how he was going to get a pair of scissors and cut out Johnny's heart.|Johnny was a popular boy, and most of the other boys liked him. However, Dave hated Johnny and didn't want to be friends.|Dave was the only one who didn't like Johnny. Most of the boys liked Johnny, but Dave hated him.|-1.1902716159820557|-1.2298585176467896|0.03958690166473389|0.11764705882352941|0.14545454545454548|-0.027807486631016065
135|Last week,|the Jackson administration dropped its plans to limit the car-service app's growth while it studies the impact of ride-hailing apps on traffic.|I went to the store and bought a dozen eggs.|"I went to the 
 ### FIRST PIECE: grocery store to buy 
 ### SECOND PIECE: milk and eggs for 
 ### FIRST PIECE: my family. 
 ### SECOND PIECE: I was in a 
 ### FIRST PIECE: hurry because my 
 ### SECOND PIECE: daughter's birthday 
 ### FIRST PIECE: was today, so I had to 
 ### SECOND PIECE"|-1.6420764923095703|-1.9379304647445679|0.29585397243499756|0.08450704225352111|0.11428571428571428|-0.02977867203219317
136|Chameleon Street' is an exuberantly comic drama that's adapted from the stories of two con men,|and includes as actors some of the people involved in their lives.|Chameleon Street' is an exuberantly comic drama that's adapted from the stories of two con men, who are played by the same actor, and whose cons involve impersonating a chameleon expert, and then selling worthless chameleon-based health products.|"Chameleon Street' is an exuberantly comic drama that's adapted from the stories of two con men, 
 ### INSTRUCTION: Chameleon Street' is an exuberantly comic drama that's adapted from the stories of two con men, 
 ### SECOND PIECE: Chameleon Street' is an exuberantly comic drama that's adapted from the stories of two con men, 
 ### INSTRUCTION:"|-1.1011762619018555|-1.1599992513656616|0.05882298946380615|0.05970149253731343|0.07692307692307691|-0.017221584385763482
137|The Harbor folks said Grandma kept her house so clean that you could|wipe her floor with a clean handkerchief without getting any dirt on it .|see the marks from the vacuum cleaner on the floor.|see the marks of her daily scrubbing on the floor and walls.|-0.7507866024971008|-0.7799181938171387|0.029131591320037842|0.16|0.08695652173913043|0.07304347826086957
138|Mark became absorbed in Blaze, the white horse.|He was afraid the stable boys at the Burlington Stables struck at him and bullied him because he was timid, so he took upon himself the feeding and care of the animal.|Mark became absorbed in Blaze, the white horse, as he remembered the time he was a child and his father used to take him to the circus.|Blaze, the white horse, became absorbed by Mark.|-1.582330584526062|-1.0873935222625732|-0.49493706226348877|0.05|0.20338983050847456|-0.15338983050847455
139|Mary offered to give her theater tickets to|Sally because she had to work late that night.|her friend, who was sad that she couldn't go.|"her friend, but she was only able to remember 
 ### INSTRUCTION: the name of her friend as ""Bob"". Mary was 
 ### EXAMPLE: quite sure that Bob was her friend's name, 
 ### REQUIRED: and not the name of a movie character or a 
 ### MISTAKE: person in a book or a TV show."|-1.533952236175537|-1.1297013759613037|-0.4042508602142334|0.10344827586206896|0.10526315789473685|-0.001814882032667886
140|Muriel has in her living room a famous painting of the ballerina Theresa Rubio.|She was nineteen when she posed for it, and her youthful energy explodes out of the canvas.|Muriel has in her living room a famous painting of the ballerina Theresa Rubio, which she bought at a Christie's auction for $1.2 million.|Theresa Rubio was born in Paris, France. She began dancing at the age of 10. She was a principal dancer with the New York City Ballet. She died in 1987.|-1.0773934125900269|-1.312283992767334|0.23489058017730713|0.1702127659574468|0.13953488372093026|0.030677882236516546
141|A number of times Henry had been present at interviews which his father had had with noted detectives who desired his aid in solving perplexing mysteries,|and those occasions stood out as red-letter days for him.|Henry had seen his father on many occasions consult with renowned detectives to solve baffling crimes.|Henry had been present at interviews which his father had had with noted detectives who desired his aid in solving perplexing mysteries, a number of times.|-0.9153535962104797|-0.6691492199897766|-0.24620437622070312|0.0|0.07407407407407407|-0.07407407407407407
142|Muriel has in her living room a famous painting of the ballerina Theresa Rubio by Cecile d'Arblay.|It is very characteristic of her later work --- impetuous, almost crude, rather than realistic.|Muriel has in her living room a famous painting of the ballerina Theresa Rubio by Cecile d'Arblay, which she purchased at a Parisian auction.|d'Arblay was born in 1840 in Paris, France. She was the daughter of the famous French novelist Alexandre Dumas, fils, and the sister of the equally famous French novelist and playwright Alexandre Dumas, père. She was also the wife of the French artist Jules Louis Rouart.|-1.1671319007873535|-1.4397454261779785|0.272613525390625|0.03225806451612903|0.05128205128205128|-0.01902398676592225
143|The cookstove was warming the kitchen,|and the lamplight made it seem even warmer.|"and the cat was curled up on the counter, 
 ### FINISHED PIECE: as the little girl sat at the table, eating her breakfast."|"but the cat was curled up on the stove, 
 ### FIRST PIECE: so the cat was warmed by the cookstove."|-1.6910821199417114|-1.85056734085083|0.15948522090911865|0.07407407407407407|0.13333333333333333|-0.05925925925925926
144|Mat advanced at once to the bureau, starting involuntarily when he bumped into Mr.|Blyth's mannequin with the Spanish hat and Roman toga; and cursing it under his breath for standing in his way as if it had been a living creature.|"Potter. He pulled out a sheet of paper and began to read it, his lips moving slightly as he did so. 
 ### FINAL PIECE: Mat advanced at once to the bureau, starting involuntarily when he bumped into Mr. Potter. He pulled out a sheet of paper and began to read it, his lips moving slightly as he did so."|"Farnsworth, who was sitting at the desk. ""Oh, I'm sorry,"" said Mat, apologetically. 
 ### INSTRUCTION: The SECOND PIECE should be: ""Oh, I'm sorry, Mr. Farnsworth,"" said Mat, apologetically."|-1.2797300815582275|-1.339058756828308|0.059328675270080566|0.034482758620689655|0.1149425287356322|-0.08045977011494254
145|Muriel has in her living room a famous painting of a ballerina.|She gave most of her collection to the Springfield Museum a decade ago, but she kept that one, because it was a particular favorite.|Muriel has in her living room a famous painting of a ballerina, which she purchased at a local auction.|The ballerina in the painting is wearing a blue tutu and is dancing.|-1.5815201997756958|-0.8319703936576843|-0.7495498061180115|0.10810810810810811|0.186046511627907|-0.07793840351979889
